{
    "sequence1": {
        "name": "sequence1",
        "annot_fn_pattern": "src/cam{}.txt",
        "video_fn_pattern": "src/cam{}.mp4",
        "cam_nbr": 2,
        "video_frame_nbr": 3600,
        "valid_frames_range": [0, 3599],
        "frame_width": 1920,
        "frame_height": 1080,
        "homography": [
            [[-1.313855671389188, 1.0232097207972704, -296.56255032297054],
             [-0.7155669722639562, -5.9431812418589605, 3049.7066820682967],
             [6.156813049080346e-05, -0.004498415645259769, 1.0]],

            [[-0.6466500565183868, -8.263968518896009, 4121.550177180113],
             [0.8054885713020926, -4.352640105793904, 1134.7682968226984],
             [0.0001200452094598913, -0.003733347541516695, 1.0]]
        ],
        "train_ratio": 0.9,
        "eval_ratio": 0.1,
        "test_ratio": 0.1
    }
}